City,Cloudiness,Country,Date,Humidity,Lat,Lng,Max Temp,Wind Speed
Souillac,0,FR,1561598277,69,45.6,-0.6,303.15,3.1
Busselton,26,AU,1561597851,45,-33.64,115.35,287.04,14.08
Kavieng,89,PG,1561598335,72,-2.57,150.8,302.116,3.69
Belmonte,0,PT,1561598289,69,40.36,-7.35,289.82,0.71
Svetlogorsk,20,RU,1561598347,93,53.14,59.15,280.15,1.0
Hasaki,75,JP,1561598028,74,35.73,140.83,300.93,5.7
Port Alfred,83,ZA,1561598081,90,-33.59,26.89,286.48,4.4
Klaksvik,24,FO,1561598273,100,62.23,-6.59,282.15,2.1
Grand Gaube,75,MU,1561598268,88,-20.01,57.66,297.15,5.1
Vardo,1,US,1561598083,54,39.62,-77.74,301.48,1.5
Peniche,40,PT,1561598319,93,39.36,-9.38,289.82,1.0
Sweetwater,1,US,1561598347,51,32.47,-100.41,303.15,5.1
Bud,100,NO,1561598347,93,62.91,6.91,283.15,2.6
Saint-Philippe,75,CA,1561597846,69,45.36,-73.48,297.15,2.6
Omboue,52,GA,1561598228,79,-1.57,9.26,297.016,4.93
Pital,16,CO,1561598348,96,2.27,-75.81,287.816,1.1
Punta Arenas,0,CL,1561598087,74,-53.16,-70.91,271.15,3.6
Bredasdorp,0,ZA,1561598348,87,-34.53,20.04,282.04,1.5
Nakhon Phanom,99,LA,1561598348,85,17.4,104.79,299.516,2.71
Albany,40,US,1561597847,78,42.65,-73.75,297.15,2.1
Bilma,26,NE,1561598316,21,18.69,12.92,304.716,1.25
Lleida,0,ES,1561598348,36,41.61,0.63,298.15,6.7
Georgetown,40,GY,1561598281,78,6.8,-58.16,300.15,5.1
Rikitea,53,PF,1561598348,80,-23.12,-134.97,296.716,4.65
Hobart,0,AU,1561598265,76,-42.88,147.33,287.04,5.7
Mersing,68,MY,1561598284,80,2.43,103.84,297.916,1.11
Vaini,75,IN,1561598267,100,15.34,74.49,294.15,1.5
Kruisfontein,23,ZA,1561598270,87,-34.0,24.73,284.916,2.16
New Norfolk,0,AU,1561598093,76,-42.78,147.06,287.04,5.7
Dudinka,0,RU,1561598311,61,69.41,86.18,281.15,3.0
Leningradskiy,56,RU,1561598349,82,69.38,178.42,275.516,5.98
Mahebourg,75,MU,1561598335,88,-20.41,57.7,297.15,5.1
Kavaratti,75,IN,1561598349,77,10.57,72.64,301.416,7.07
Tigil,57,RU,1561598349,52,57.8,158.67,290.016,1.72
Carnarvon,0,ZA,1561597856,45,-30.97,22.13,277.616,2.22
Atuona,0,PF,1561598082,75,-9.8,-139.03,300.116,7.22
Jacareacanga,74,BR,1561598349,66,-6.22,-57.76,297.916,1.04
Yaan,100,NG,1561598349,97,7.38,8.57,295.916,3.47
Butaritari,56,KI,1561598267,73,3.07,172.79,301.816,5.06
Zhongxing,83,CN,1561598350,74,19.57,109.85,301.316,2.22
Ponta do Sol,98,BR,1561597867,55,-20.63,-46.0,293.516,1.17
Mataura,8,NZ,1561598088,82,-46.19,168.86,284.82,4.92
Ushuaia,90,AR,1561598090,94,-54.81,-68.31,268.616,2.33
Huarmey,13,PE,1561598274,86,-10.07,-78.15,290.516,6.69
Kalmunai,100,LK,1561598326,76,7.42,81.82,297.416,1.25
Meulaboh,98,ID,1561598271,77,4.14,96.13,300.516,2.97
Victoria,75,BN,1561598230,88,5.28,115.24,301.15,1.0
Kaitangata,0,NZ,1561598202,56,-46.28,169.85,286.48,1.79
Hayden,75,US,1561598230,37,47.77,-116.79,297.15,9.3
Mata,2,PT,1561598350,97,40.68,-7.46,289.82,0.83
Saint-Augustin,75,CA,1561598300,88,45.63,-73.98,297.15,2.1
Hermanus,0,ZA,1561598084,95,-34.42,19.24,284.82,3.25
San Cristobal,89,HN,1561597846,84,14.68,-86.92,294.716,3.83
Lata,30,IN,1561598312,70,30.78,78.62,274.816,1.07
Mbanza-Ngungu,74,CD,1561598350,86,-5.25,14.87,291.016,1.75
Champerico,90,MX,1561598351,74,16.38,-93.6,299.15,1.5
Hare Bay,75,CA,1561598351,66,48.86,-53.99,285.15,3.6
Castro,75,CL,1561598083,87,-42.48,-73.76,281.15,3.1
Lisala,66,CD,1561598351,95,2.15,21.52,295.016,0.61
Kulhudhuffushi,68,MV,1561598351,78,6.62,73.07,301.416,5.2
Lompoc,75,US,1561598296,72,34.64,-120.46,295.93,7.2
Isangel,90,VU,1561598278,88,-19.55,169.27,299.15,2.1
Vaksdal,75,NO,1561598351,81,60.48,5.74,284.82,2.1
La Macarena,16,CO,1561598352,97,2.18,-73.79,295.916,1.58
Aksarka,100,RU,1561598356,69,66.56,67.8,281.216,2.91
Paamiut,100,GL,1561598313,100,61.99,-49.67,277.916,2.57
Sitka,48,US,1561598299,57,37.17,-99.65,301.48,4.92
Hilo,40,US,1561597815,62,19.71,-155.08,303.15,6.2
Polyarnyy,0,RU,1561598356,81,69.2,33.45,281.15,1.0
Phek,85,IN,1561598357,91,25.7,94.46,296.616,1.83
San Patricio,0,PY,1561598312,74,-26.98,-56.83,279.716,2.23
Port Elizabeth,1,US,1561598272,69,39.31,-74.98,301.48,3.03
Nongan,0,CN,1561598357,50,44.43,125.17,298.15,8.0
Hervey Bay,40,AU,1561598357,60,-25.3,152.85,297.59,10.8
Puerto Ayora,20,EC,1561598089,69,-0.74,-90.35,298.15,8.2
Tuktoyaktuk,90,CA,1561598281,80,69.44,-133.03,277.15,7.2
Bubaque,2,GW,1561598357,77,11.28,-15.83,299.816,4.37
Flinders,20,AU,1561598274,87,-34.58,150.85,289.82,2.1
Barreirinhas,100,BR,1561598357,90,-2.75,-42.83,296.416,1.62
Nantucket,1,US,1561598358,93,41.28,-70.1,293.15,2.1
Vila do Maio,20,CV,1561598163,65,15.13,-23.22,298.15,10.3
Sovetskiy,100,RU,1561598331,95,56.76,48.47,283.216,2.49
Natal,40,BR,1561598358,94,-5.81,-35.21,297.15,1.0
Itoman,40,JP,1561598319,83,26.12,127.67,303.15,3.1
Airai,30,TL,1561598272,58,-8.93,125.41,296.416,1.38
Yellowknife,75,CA,1561598268,82,62.45,-114.38,286.15,6.2
Vao,100,EE,1561598278,97,59.1,26.19,285.716,2.21
Hithadhoo,64,MV,1561597913,74,-0.6,73.08,301.716,3.95
Nome,1,US,1561598092,74,30.04,-94.42,302.15,1.5
Constantine,0,DZ,1561598358,35,36.36,6.61,296.15,0.65
Esperance,40,AU,1561598325,87,-33.86,121.89,286.15,6.7
Lorengau,82,PG,1561598285,79,-2.02,147.27,301.516,2.56
Mugur-Aksy,94,RU,1561598358,65,50.38,90.44,277.616,0.37
Clyde River,1,CA,1561598266,93,70.47,-68.59,276.15,5.7
College,1,US,1561598310,16,64.86,-147.8,299.26,3.6
Inirida,82,CO,1561598359,96,3.87,-67.92,297.216,1.23
Ostrovnoy,100,RU,1561598082,75,68.05,39.51,283.716,6.85
Shahreza,0,IR,1561598359,23,32.01,51.87,293.316,1.86
Price,1,US,1561598359,8,39.6,-110.81,302.15,7.7
Ust-Maya,0,RU,1561598359,43,60.42,134.54,294.616,2.54
Bluff,14,AU,1561598001,65,-23.58,149.07,293.316,10.99
Dawlatabad,0,AF,1561598359,17,36.41,64.91,296.716,1.82
Provideniya,90,RU,1561598295,87,64.42,-173.23,284.15,6.0
Bay Roberts,20,CA,1561598359,81,47.58,-53.28,282.04,1.5
Jamestown,0,AU,1561598208,54,-33.21,138.6,287.816,7.47
Portland,90,US,1561598316,82,43.66,-70.25,293.15,3.1
Chuy,62,UY,1561598081,78,-33.69,-53.46,280.716,3.54
Thompson,75,CA,1561598304,72,55.74,-97.86,289.15,3.1
Lagoa,0,PT,1561597892,82,37.14,-8.45,291.15,3.6
Necochea,42,AR,1561598360,55,-38.55,-58.74,281.48,5.81
Tabuk,100,PH,1561598360,95,17.41,121.44,292.116,0.44
Cape Town,20,ZA,1561598084,100,-33.93,18.42,285.37,3.1
Birchis,0,RO,1561598360,100,45.97,22.17,293.15,2.6
Avarua,49,CK,1561597803,78,-21.21,-159.78,296.15,2.1
Chokurdakh,9,RU,1561597903,33,70.62,147.9,291.616,6.03
Evensk,48,RU,1561598360,46,61.92,159.24,289.216,9.17
Khandyga,0,RU,1561598360,39,62.65,135.58,296.316,1.35
Srednekolymsk,48,RU,1561598287,28,67.46,153.71,294.916,8.38
Muros,0,ES,1561598360,100,42.77,-9.06,290.93,3.12
Rock Springs,1,US,1561598361,10,41.59,-109.2,298.15,6.2
Udarnyy,98,RU,1561598361,97,54.34,42.86,286.816,3.71
Savinka,45,RU,1561598361,75,50.08,47.1,288.616,2.33
Barrow,100,AR,1561598084,33,-38.31,-60.23,284.116,9.05
Tromso,90,NO,1561598361,87,69.65,18.96,281.15,10.3
Campbell River,40,CA,1561598279,35,50.02,-125.24,296.15,1.5
Saskylakh,93,RU,1561598295,74,71.97,114.09,284.616,7.62
Pacific Grove,40,US,1561598362,63,36.62,-121.92,296.48,4.6
Probolinggo,20,ID,1561598362,83,-7.74,113.22,297.15,0.5
Saint George,40,GR,1561598087,64,39.45,22.34,299.26,1.01
Saint-Pierre,0,FR,1561598027,83,48.95,4.24,299.15,5.1
Kapaa,75,US,1561597870,74,22.08,-159.32,301.15,5.1
Grand-Santi,87,GF,1561598362,98,4.27,-54.38,295.516,0.9
Xining,100,CN,1561598362,98,36.62,101.77,280.616,0.84
Mar del Plata,78,AR,1561598083,73,-46.43,-67.52,276.716,4.68
Ketchikan,1,US,1561598320,41,55.34,-131.65,299.15,7.7
Qaanaaq,7,GL,1561598086,67,77.48,-69.36,275.916,1.73
Sonari,90,IN,1561598362,100,27.03,95.02,298.15,1.5
Canmore,75,CA,1561598337,59,51.09,-115.35,289.15,5.1
Ancud,75,CL,1561598362,87,-41.87,-73.83,281.15,3.1
Menongue,0,AO,1561598363,47,-14.66,17.68,284.716,2.41
Nieves,0,MX,1561598363,23,24.0,-103.02,299.416,6.22
Kabare,94,RW,1561598363,98,-1.65,29.38,286.616,0.74
Caravelas,44,BR,1561598363,83,-17.73,-39.27,296.416,2.59
Challans,0,FR,1561598363,51,46.85,-1.88,301.15,4.1
Van,0,TR,1561598364,71,38.51,43.37,289.26,1.0
Karlskoga,39,SE,1561598364,93,59.33,14.52,287.15,1.5
La Orilla,61,MX,1561598364,73,18.0,-102.23,302.316,1.9
Honiara,20,SB,1561598303,66,-9.43,159.96,305.15,2.6
Boralday,40,KZ,1561598364,60,43.36,76.86,293.15,1.0
Rawson,32,AR,1561598286,50,-43.3,-65.11,282.016,9.38
Cabo San Lucas,5,MX,1561598040,35,22.89,-109.91,307.59,4.6
Leshukonskoye,93,RU,1561598364,67,64.9,45.76,282.216,2.35
Gat,75,SN,1561598364,88,14.69,-16.54,298.15,3.1
Los Llanos de Aridane,18,ES,1561598223,68,28.66,-17.92,295.15,6.7
Sept-Iles,90,CA,1561598063,93,50.2,-66.38,286.15,4.1
Abnub,0,EG,1561598365,35,27.27,31.15,302.15,1.0
Pata,10,GM,1561598365,50,13.44,-14.95,301.316,4.45
Mount Isa,29,AU,1561598289,40,-20.73,139.49,293.15,4.6
Mulanje,67,MW,1561598365,94,-16.03,35.5,286.416,3.03
Lulea,97,SE,1561598365,58,65.58,22.15,285.15,5.1
La Palma,29,PA,1561598366,81,8.4,-78.14,301.316,1.86
Zyryanka,36,RU,1561598332,29,65.73,150.89,293.216,8.29
Shellbrook,40,CA,1561598340,43,53.22,-106.39,295.15,3.1
Russell,1,US,1561598366,43,38.9,-98.86,305.37,7.7
Arraial do Cabo,0,BR,1561598087,78,-22.97,-42.02,296.15,2.1
Bushehr,0,IR,1561598366,83,28.97,50.84,302.15,3.1
La Ronge,40,CA,1561598274,68,55.1,-105.3,291.15,2.1
Mezen,100,RU,1561598366,89,65.85,44.24,282.416,2.86
Bandarbeyla,84,SO,1561598214,64,9.49,50.81,298.916,12.49
Upernavik,0,GL,1561598084,87,72.79,-56.15,274.516,5.03
Kahului,90,US,1561598090,88,20.89,-156.47,301.15,4.6
Kangaatsiaq,0,GL,1561598367,78,68.31,-53.46,277.716,7.94
Vila Franca do Campo,20,PT,1561598268,77,37.72,-25.43,290.15,5.1
Mapastepec,80,MX,1561598271,82,15.44,-92.9,301.116,0.83
Tricase,40,IT,1561598367,88,39.93,18.36,299.15,6.2
Longyearbyen,75,NO,1561598274,75,78.22,15.63,278.15,5.1
Lima,20,PE,1561598024,82,-12.06,-77.04,290.15,1.5
Kotelnich,75,RU,1561598367,73,58.31,48.34,279.616,1.24
Penzance,0,GB,1561598315,82,50.12,-5.53,291.48,15.4
Tilichiki,99,RU,1561598367,59,60.47,166.1,286.016,2.69
Hofn,79,IS,1561598090,85,64.25,-15.21,279.816,5.97
Rudnyy,75,KZ,1561598240,76,52.96,63.12,286.15,3.0
Rodrigues Alves,0,BR,1561598367,83,-7.74,-72.65,300.15,1.29
Manakara,70,MG,1561598368,96,-22.14,48.01,291.516,3.46
Saint-Francois,0,FR,1561598368,82,46.42,3.91,293.15,1.35
Singapore,75,MY,1561598090,79,1.29,103.85,302.15,0.5
Egvekinot,100,RU,1561598192,88,66.32,-179.17,277.316,6.14
Waipawa,0,NZ,1561598282,84,-39.94,176.59,282.04,1.42
Ribeira Grande,56,PT,1561598288,75,38.52,-28.7,291.616,7.48
Sabang,100,PH,1561598368,89,13.8,121.11,298.416,1.71
Talaya,0,RU,1561598368,64,55.79,84.89,293.15,1.0
Fortuna,75,US,1561598305,55,40.6,-124.16,292.15,4.1
Khatanga,0,RU,1561598089,40,71.98,102.47,284.816,3.63
Jaguarao,17,BR,1561598368,72,-32.57,-53.38,279.516,2.29
Hualmay,7,PE,1561598278,84,-11.1,-77.61,290.316,5.87
Krasnozerskoye,0,RU,1561598369,76,53.98,79.24,289.316,5.47
East London,71,ZA,1561598185,60,-33.02,27.91,287.316,4.85
Eydhafushi,100,MV,1561598369,75,5.1,73.07,301.716,3.84
Sinnamary,58,GF,1561598317,83,5.38,-52.96,300.016,7.77
Phangnga,40,TH,1561598369,74,8.45,98.53,302.15,2.1
Kodiak,1,US,1561597884,32,39.95,-94.76,302.59,3.1
Faanui,0,PF,1561598085,72,-16.48,-151.75,300.116,2.73
Solnechnyy,0,RU,1561598267,50,50.72,136.64,287.516,2.94
Broome,52,GB,1561598285,87,52.47,1.45,286.48,3.1
Elko,1,US,1561598346,14,40.83,-115.76,300.15,6.2
Beberibe,20,BR,1561598369,78,-4.18,-38.13,300.15,3.6
Esil,37,KZ,1561598370,87,51.96,66.41,284.316,3.64
Manama,0,AE,1561598370,43,25.33,56.02,309.15,2.1
Richards Bay,16,ZA,1561598088,70,-28.77,32.06,293.516,9.01
Aviles,4,ES,1561598370,82,43.55,-5.92,292.59,1.5
Cockburn Town,31,TC,1561598309,80,21.46,-71.14,300.916,7.33
Katherine,55,AU,1561598370,31,-14.47,132.26,296.15,4.1
Ullapool,93,GB,1561598229,91,57.9,-5.16,284.82,0.45
Fairbanks,1,US,1561597802,17,64.84,-147.72,299.26,2.6
Kitimat,75,CA,1561598370,50,54.02,-128.69,297.15,3.1
Kaiyuan,11,CN,1561598370,42,42.54,124.04,298.616,7.03
Hohhot,40,CN,1561598371,93,40.81,111.65,290.15,2.0
Anshun,99,CN,1561598083,97,26.25,105.93,292.516,2.65
Aberdeen,75,US,1561598078,59,46.98,-123.82,292.15,3.1
Dikson,100,RU,1561598293,92,73.51,80.55,274.216,8.1
Obera,0,AR,1561598216,85,-27.49,-55.12,278.416,1.33
Dingle,100,PH,1561598273,83,11.0,122.67,299.716,3.79
Udachnyy,40,RU,1561598293,63,66.42,112.4,290.15,2.0
Ballitoville,0,ZA,1561598371,87,-29.54,31.21,288.15,3.6
Wanning,0,AT,1561598371,73,48.64,13.53,297.04,3.1
Kondinskoye,72,RU,1561598371,68,59.65,67.41,282.816,3.58
Tiarei,75,PF,1561598371,74,-17.53,-149.33,301.15,3.6
Lagos,100,NG,1561598372,94,6.46,3.39,296.916,2.55
Berdigestyakh,0,RU,1561598372,47,62.1,126.7,294.416,1.48
Pochutla,40,MX,1561598372,70,15.74,-96.47,302.15,1.5
Uddevalla,0,SE,1561598241,100,58.35,11.94,288.15,1.29
Vila Velha,20,BR,1561598279,78,-3.71,-38.6,300.15,3.6
Port Lincoln,33,AU,1561598093,60,-34.72,135.86,289.016,13.68
Puerto Colombia,0,CO,1561598372,74,10.99,-74.96,302.15,3.6
Severo-Kurilsk,100,RU,1561598283,97,50.68,156.12,277.916,7.12
Haines Junction,98,CA,1561598272,56,60.75,-137.51,289.316,0.89
Kabwe,0,ZM,1561598372,69,-14.44,28.44,286.316,2.8
Cidreira,0,BR,1561598265,59,-30.17,-50.22,281.416,1.14
Madingou,89,CG,1561598373,85,-4.17,13.56,291.916,0.88
Nouadhibou,2,MR,1561598312,83,20.93,-17.03,294.15,6.7
Riyadh,0,SA,1561598225,9,24.63,46.72,303.15,1.0
Santa Cruz,1,US,1561598296,68,36.97,-122.03,296.15,5.1
Mehamn,100,NO,1561598373,89,71.03,27.85,280.716,7.38
Tutoia,99,BR,1561598373,88,-2.76,-42.27,296.916,2.02
Pahrump,1,US,1561598299,9,36.21,-115.98,308.15,8.7
Cherskiy,52,RU,1561598289,34,68.75,161.3,292.016,5.14
Manicore,74,BR,1561598373,89,-5.81,-61.3,297.116,0.52
Solntsevo,93,RU,1561598373,91,53.34,40.13,288.316,1.05
Coquimbo,0,CL,1561598000,81,-29.95,-71.34,286.48,3.1
Mountain Home,1,US,1561598213,14,43.13,-115.69,304.15,4.1
Nambucca Heads,96,AU,1561598374,77,-30.64,152.99,292.59,5.7
Pisco,13,PE,1561598025,88,-13.71,-76.2,290.37,2.1
Sola,100,TZ,1561598329,68,-3.17,33.8,293.516,1.69
Del Rio,1,US,1561598374,58,29.36,-100.9,304.15,4.1
Bambous Virieux,75,MU,1561598278,88,-20.34,57.76,297.15,5.1
Sur,47,OM,1561598296,69,22.57,59.53,301.316,4.87
Assiniboia,59,CA,1561598374,34,49.63,-105.99,297.216,2.04
Jalu,0,LY,1561598374,61,29.03,21.55,299.416,4.17
Manokwari,100,ID,1561598228,63,-0.87,134.08,299.916,0.91
Ulaangom,36,MN,1561598374,40,49.98,92.07,289.916,0.66
Buchanan,75,LR,1561598324,94,5.88,-10.05,298.15,3.1
Chumikan,0,RU,1561598294,47,54.72,135.31,289.416,0.91
Mollendo,20,PE,1561598375,85,-17.03,-72.02,290.116,4.32
Pathein,100,MM,1561598172,86,16.78,94.73,299.916,4.13
Naze,100,NG,1561598265,98,5.43,7.07,295.516,1.56
Vestmannaeyjar,100,IS,1561598268,97,63.44,-20.27,284.416,5.89
Ponta Delgada,20,PT,1561598286,77,37.73,-25.67,290.15,5.1
Eureka,90,US,1561598333,82,40.8,-124.16,292.15,3.6
Doda,0,IN,1561598375,54,33.14,75.55,286.416,2.62
Sakata,75,JP,1561598375,78,38.92,139.93,296.15,3.1
Najran,0,SA,1561598310,16,17.54,44.22,304.15,1.0
Pierre,1,US,1561598376,69,44.37,-100.35,301.48,2.6
Nikolskoye,0,RU,1561598086,82,59.7,30.79,287.15,1.0
Porto Novo,20,BR,1561598336,82,-23.68,-45.44,292.15,1.5
Tuatapere,95,NZ,1561598339,82,-46.13,167.69,284.82,4.92
Chesley,20,CA,1561598376,60,44.3,-81.09,296.15,3.1
Beya,48,RU,1561598376,76,53.05,90.92,286.616,0.45
Yulara,33,AU,1561598343,37,-25.24,130.99,284.15,3.1
Mandurah,40,AU,1561598376,63,-32.55,115.7,289.15,9.8
Calamar,26,CO,1561598162,98,1.96,-72.65,295.516,1.11
Kachiry,46,KZ,1561598376,88,53.07,76.1,286.816,4.28
Sao Joao da Barra,7,BR,1561598216,85,-21.64,-41.05,294.316,0.34
Nanortalik,100,GL,1561598267,99,60.14,-45.24,276.516,3.6
Marsaxlokk,0,MT,1561598377,78,35.84,14.54,298.15,3.6
Kilrush,20,IE,1561598377,87,51.96,-8.06,290.37,8.7
Bajil,62,ES,1561598377,77,38.23,-2.07,288.15,0.45
Guerrero Negro,100,MX,1561598303,82,27.97,-114.04,291.216,5.82
Almaznyy,0,RU,1561598377,62,48.03,40.04,286.15,1.0
Vanimo,29,PG,1561598377,73,-2.67,141.3,301.016,1.15
Furstenfeld,0,AT,1561598377,94,47.05,16.08,294.82,0.5
Axim,100,GH,1561598377,88,4.87,-2.24,298.116,4.82
Balugaon,73,IN,1561598378,83,19.75,85.21,300.416,0.67
Harper,1,US,1561598378,58,30.3,-99.24,301.15,4.1
Payo,5,ID,1561598378,91,-3.75,103.64,292.816,1.5
Sao Filipe,0,CV,1561598270,85,14.9,-24.5,296.816,10.69
Port Blair,90,IN,1561598281,94,11.67,92.75,299.15,4.1
Yuci,0,CN,1561598378,50,37.68,112.73,298.15,2.0
Saldanha,0,PT,1561598091,69,41.42,-6.55,291.616,0.37
Goundam,0,ML,1561598378,23,16.42,-3.66,309.816,8.79
Kirakira,98,SB,1561598379,73,-10.46,161.92,301.616,0.99
Maymyo,40,MM,1561598379,69,22.03,96.47,301.15,5.1
Kano,83,NG,1561598379,61,11.99,8.53,300.716,5.02
Katsuura,90,JP,1561598091,88,33.93,134.5,298.15,8.7
Awbari,7,LY,1561598379,20,26.59,12.77,304.616,6.74
Taltal,0,CL,1561598379,84,-25.41,-70.49,283.716,1.53
Geraldton,75,CA,1561598271,43,49.72,-86.95,296.15,5.1
Angoche,21,MZ,1561598327,96,-16.23,39.91,291.116,2.18
Rio Gallegos,20,AR,1561597788,92,-51.62,-69.22,270.15,4.1
Marand,20,IR,1561598379,30,38.43,45.77,294.15,1.0
Hirado,75,JP,1561598379,94,33.32,129.49,298.15,5.7
Bilibino,41,RU,1561598327,37,68.06,166.44,288.516,5.19
Maningrida,38,AU,1561598380,65,-12.05,134.23,294.616,3.72
Macenta,87,GN,1561598380,99,8.55,-9.47,292.916,0.74
Cayenne,81,GF,1561598305,94,4.94,-52.33,298.15,1.0
Marsh Harbour,0,BS,1561598282,75,26.54,-77.06,302.016,5.87
Berlevag,97,NO,1561597864,86,70.86,29.09,280.816,7.99
Aklavik,75,CA,1561598169,37,68.22,-135.01,285.15,5.7
Bethel,90,US,1561597600,72,60.79,-161.76,292.15,10.3
Raudeberg,100,NO,1561598380,76,61.99,5.14,284.15,2.1
Enshi,80,CN,1561598380,82,30.29,109.48,293.116,2.18
Aripuana,30,BR,1561598380,73,-9.17,-60.63,297.616,0.67
Faya,0,SA,1561598278,24,18.39,42.45,295.15,0.19
Yumen,60,CN,1561598381,53,40.29,97.04,291.716,8.43
Tasiilaq,100,GL,1561597887,81,65.61,-37.64,280.15,0.5
Mana,74,NG,1561598381,44,13.03,5.27,304.716,3.29
Smolenka,64,PL,1561598381,94,54.15,22.76,292.316,4.15
Emba,0,CY,1561598094,94,34.81,32.42,297.15,2.6
Minggang,89,CN,1561598381,73,32.45,114.03,297.616,0.46
Lasa,0,CY,1561598381,94,34.92,32.53,297.15,2.6
Yerbogachen,30,RU,1561598316,50,61.28,108.01,296.116,1.02
Udankudi,20,IN,1561598382,70,8.43,78.03,302.15,2.3
Alta Floresta,45,BR,1561598382,60,-9.87,-56.08,297.416,1.2
Beisfjord,100,NO,1561598382,87,68.38,17.6,281.48,5.7
Umba,99,RU,1561598382,70,66.69,34.34,284.216,1.79
Narsaq,75,GL,1561598313,87,60.91,-46.05,282.15,1.6
Viedma,66,AR,1561598382,48,-40.81,-62.99,285.716,11.0
Aasiaat,0,GL,1561598301,79,68.71,-52.87,278.016,2.08
Shingu,75,JP,1561598305,88,33.72,135.99,299.15,8.2
Misawa,75,JP,1561598383,56,40.75,141.38,296.15,1.5
Pangody,78,RU,1561598383,70,65.85,74.49,281.116,6.49
Sakaiminato,75,JP,1561598383,88,35.55,133.23,298.15,3.1
Lebu,75,ET,1561598085,72,8.96,38.73,290.15,1.5
Saurimo,1,AO,1561598084,40,-9.66,20.4,288.616,2.52
Plettenberg Bay,0,ZA,1561598383,56,-34.05,23.37,285.816,2.06
Petropavlovsk-Kamchatskiy,75,RU,1561598245,81,53.05,158.65,283.15,4.0
Krsko,0,SI,1561598383,94,45.96,15.49,294.26,1.0
Tessalit,4,ML,1561598278,9,20.2,1.01,307.416,4.61
Quang Ngai,100,VN,1561598383,74,15.12,108.8,299.816,1.22
Kununurra,86,AU,1561598384,18,-15.77,128.74,296.15,4.6
Bar Harbor,90,US,1561598384,100,44.39,-68.2,288.15,2.1
Kielce,32,PL,1561598384,1,50.87,20.63,298.71,1.85
Luena,0,AO,1561598325,54,-11.78,19.91,283.916,1.01
Sfantu Gheorghe,7,RO,1561598384,93,44.65,26.83,295.93,1.5
Parczew,20,PL,1561598384,73,51.64,22.9,300.93,4.1
La Primavera,0,AR,1561598385,32,-32.92,-68.67,278.15,1.0
Iqaluit,20,CA,1561598085,75,63.75,-68.52,280.15,3.6
Khasan,86,RU,1561598385,69,42.43,130.64,296.116,2.42
Coolum Beach,12,AU,1561598385,71,-26.53,153.09,295.37,0.89
Bugayong,82,PH,1561598385,78,16.08,120.57,300.816,2.57
Port Augusta,0,AU,1561598357,59,-32.49,137.76,291.48,4.1
Vagur,67,FO,1561598385,96,61.47,-6.81,283.216,5.85
Liverpool,0,GB,1561598092,87,53.41,-2.98,286.48,3.1
Tiksi,17,RU,1561598270,38,71.64,128.87,293.416,4.83
Estacion Coahuila,1,MX,1561598386,7,32.19,-115.0,310.37,5.7
Pacasmayo,11,PE,1561598386,89,-7.4,-79.57,290.816,7.49
Santa Rosa,1,US,1561597841,49,38.44,-122.71,295.93,9.8
Kulykivka,99,UA,1561598386,90,51.37,31.65,292.916,4.79
Palang,12,ID,1561598386,80,-6.91,112.13,296.216,3.44
Fort-Shevchenko,73,KZ,1561598386,74,44.51,50.26,300.016,4.18
Broken Hill,0,AU,1561598315,51,-31.97,141.45,288.15,7.2
Puerto del Rosario,10,ES,1561598387,73,28.5,-13.86,294.15,5.7
Serowe,86,BW,1561598387,92,-22.4,26.7,285.216,5.47
Invermere,47,CA,1561598387,33,50.51,-116.03,295.93,1.41
Salalah,90,OM,1561598284,100,17.01,54.1,300.15,3.1
Nizhniy Kuranakh,33,RU,1561598387,56,58.84,125.49,291.916,2.53
Acapulco,75,MX,1561598323,74,16.86,-99.88,303.15,2.1
Sisimiut,18,GL,1561598387,85,66.94,-53.67,276.716,13.96
Lipin Bor,80,RU,1561598387,92,60.26,37.97,280.516,2.04
Charlestown,20,US,1561598388,100,41.38,-71.64,295.93,2.1
Semirom,0,IR,1561598388,25,31.41,51.57,290.416,1.02
Luganville,75,VU,1561598388,88,-15.51,167.18,298.15,5.1
Volosovo,0,RU,1561598388,82,59.45,29.48,287.15,1.0
Zhezkazgan,89,KZ,1561598388,66,47.8,67.71,294.616,4.56
Zhangye,100,CN,1561598389,59,38.94,100.46,286.916,2.9
Aracaju,40,BR,1561598389,83,-10.92,-37.08,299.15,5.1
Mokhsogollokh,29,RU,1561598389,48,61.4,128.95,293.916,1.32
Road Town,40,VG,1561598340,83,18.42,-64.62,301.15,3.6
Auki,53,NG,1561598389,69,12.18,6.51,298.616,5.65
Rudnogorsk,16,RU,1561598269,54,57.27,103.75,293.616,2.97
Letlhakane,17,BW,1561598389,88,-21.42,25.59,285.916,4.83
Chabahar,0,IR,1561598389,88,25.29,60.65,299.216,0.46
Businga,50,CD,1561598390,93,3.34,20.89,294.516,0.23
Luba,99,PH,1561598390,85,17.32,120.7,298.916,1.09
Sibu,75,MY,1561598390,94,2.29,111.83,298.15,2.1
Torbay,20,CA,1561598297,81,47.66,-52.73,282.04,1.5
Ambilobe,84,MG,1561598085,88,-13.19,49.05,294.916,1.45
San Martin,1,US,1561598390,68,37.08,-121.61,295.93,5.1
Merauke,92,ID,1561598391,82,-8.49,140.4,298.816,8.94
Sambava,0,MG,1561598391,87,-14.27,50.17,291.816,1.49
Bhadrachalam,79,IN,1561598391,73,17.67,80.89,301.016,2.05
Sao Miguel do Araguaia,16,BR,1561598391,47,-13.28,-50.16,296.016,1.0
Ashland,1,US,1561598192,88,38.48,-82.64,302.15,2.32
Steamboat Springs,1,US,1561598280,29,40.48,-106.83,299.15,4.1
Pergamino,36,AR,1561598391,59,-33.9,-60.57,282.04,3.58
Kamen-Rybolov,100,RU,1561598392,89,44.75,132.04,290.416,2.07
Sochi,20,RU,1561598143,78,43.6,39.73,296.15,5.0
Changde,21,CN,1561598392,77,29.04,111.68,298.616,0.82
Fort Nelson,90,CA,1561598298,67,58.81,-122.69,289.15,4.1
Inuvik,75,CA,1561598392,37,68.36,-133.71,285.15,5.7
Shimoda,75,JP,1561598321,88,34.7,138.93,300.93,5.7
Zwedru,100,LR,1561598392,98,6.07,-8.13,295.016,1.39
Diu,29,IN,1561598392,82,20.71,70.98,301.216,3.29
Nouakchott,8,MR,1561598393,45,18.08,-15.98,303.15,7.2
Yamada,75,JP,1561598393,61,36.58,137.08,301.15,6.7
Galiakot,93,IN,1561598393,80,23.54,74.01,300.116,4.02
Providencia,62,CO,1561598393,98,1.24,-77.6,287.016,0.28
Namibe,100,AO,1561598337,81,-15.19,12.15,291.516,6.1
Beringovskiy,91,RU,1561598324,75,63.05,179.32,284.616,1.73
Roura,100,GF,1561598393,94,4.73,-52.33,298.15,1.0
Manzhouli,61,CN,1561598393,83,49.6,117.43,288.516,6.78
Zhanaozen,80,KZ,1561598394,52,43.35,52.85,297.816,4.81
San Policarpo,97,PH,1561598394,80,12.18,125.51,300.216,1.61
Coahuayana,68,MX,1561598394,65,18.62,-100.35,302.016,1.33
Norman Wells,20,CA,1561598301,38,65.28,-126.83,289.15,4.6
Ahipara,0,NZ,1561598294,100,-35.17,173.16,287.59,0.89
Loknya,100,RU,1561598394,93,54.21,39.24,287.59,0.7
Kavali,100,IN,1561598394,63,14.91,79.99,301.716,5.66
Stakhanov,19,UA,1561598395,74,48.57,38.64,288.516,1.04
Margate,0,AU,1561598371,76,-43.03,147.26,286.48,5.7
Dolores,30,UY,1561598395,73,-33.53,-58.22,282.216,5.67
Inverness,0,GB,1561598395,93,57.48,-4.23,285.15,3.6
North Bend,90,US,1561598395,93,43.41,-124.22,289.82,4.6
Linxia,100,CN,1561598395,98,35.6,103.21,283.216,1.23
Teterow,20,DE,1561598396,77,53.77,12.58,288.71,8.2
Ochakiv,0,UA,1561598396,68,46.61,31.55,293.15,2.0
Sinjar,0,SY,1561598396,47,35.59,37.0,298.016,4.08
Sulangan,100,PH,1561598311,69,11.14,123.72,301.216,1.4
Oktyabrskiy,75,RU,1561598396,93,55.61,37.97,288.15,1.0
Cap Malheureux,75,MU,1561598322,88,-19.98,57.61,297.15,5.1
Senador Jose Porfirio,100,BR,1561598396,80,-2.59,-51.95,299.216,1.82
Westport,1,US,1561598381,57,41.14,-73.36,298.71,2.1
Tulun,15,RU,1561598397,90,54.56,100.58,288.716,2.17
Mogzon,42,RU,1561598397,73,51.74,111.97,288.216,1.95
Suhl,0,DE,1561598397,77,50.61,10.69,296.48,1.0
Samana,2,EC,1561598397,97,0.12,-76.97,295.916,0.87
Talnakh,0,RU,1561598091,61,69.49,88.39,281.15,3.0
Mananjary,25,MG,1561598397,86,-19.16,46.8,286.716,1.63
Quatre Cocos,75,MU,1561598286,88,-20.21,57.76,297.15,5.1
Peleduy,0,RU,1561598397,48,59.63,112.75,294.816,5.02
Qaqortoq,75,GL,1561598372,87,60.72,-46.03,282.15,1.6
Laguna,90,BZ,1561597958,83,16.17,-88.94,301.15,3.1
Labuhan,24,ID,1561598338,77,-2.54,115.51,298.216,0.38
Kalemie,3,CD,1561598398,59,-5.95,29.2,291.116,0.67
Visegrad,0,BA,1561598398,93,43.78,19.3,289.15,0.5
Nelson Bay,20,AU,1561598297,87,-32.72,152.14,290.93,1.0
Tazovskiy,100,RU,1561598343,72,67.47,78.7,278.716,4.12
Fukue,75,JP,1561598398,88,35.03,136.69,298.71,6.2
Ojhar,96,IN,1561598398,87,20.09,73.93,297.316,2.27
Alihe,100,CN,1561598398,60,50.57,123.73,289.716,4.11
Turan,24,RU,1561598399,85,52.15,93.92,284.816,0.61
Allapalli,31,IN,1561598399,70,19.43,80.06,301.616,1.66
Hangu,20,PK,1561598399,45,33.53,71.06,301.15,2.1
Madinat Sittah Uktubar,0,EG,1561598399,58,29.82,31.05,301.15,2.6
Poso,61,ID,1561598399,88,-1.4,120.75,292.816,1.28
Ulladulla,20,AU,1561598092,87,-35.36,150.48,288.15,2.1
Santa Rosalia,0,IT,1561598400,88,38.07,13.27,299.26,5.1
Dunedin,0,NZ,1561598131,65,-45.87,170.5,283.616,3.68
Taoudenni,0,ML,1561598400,7,22.68,-3.98,310.116,5.25
Mercedes,30,UY,1561598400,73,-33.25,-58.03,282.216,5.67
Port Shepstone,24,ZA,1561598400,93,-30.74,30.45,285.016,2.77
Havre-Saint-Pierre,90,CA,1561598269,67,50.23,-63.6,288.15,4.1
Sungairaya,37,ID,1561598400,80,0.7,108.9,301.616,6.77
Kyren,100,RU,1561598401,98,51.68,102.13,277.216,1.53
Sai Buri,75,TH,1561598401,94,6.7,101.62,298.15,2.1
Severobaykalsk,100,RU,1561598401,71,55.65,109.32,286.016,1.62
Mamallapuram,90,IN,1561598401,88,12.63,80.17,301.15,2.6
Sault Sainte Marie,1,CA,1561598401,53,46.49,-84.36,296.15,1.77
Mecca,43,SA,1561598401,32,21.43,39.83,305.216,2.67
Turukhansk,100,RU,1561598402,88,65.8,87.96,283.416,6.42
Gornopravdinsk,11,RU,1561598402,69,60.06,69.92,282.116,2.91
Sechura,2,PE,1561598325,85,-5.56,-80.82,291.816,6.66
Topolobampo,20,MX,1561598402,40,25.6,-109.05,306.48,6.2
Luderitz,0,NA,1561598019,93,-26.65,15.16,281.15,0.5
Alice Springs,0,AU,1561598402,41,-23.7,133.88,287.15,1.5
Ranong,75,TH,1561598402,94,9.96,98.62,299.15,1.0
Anloga,72,GH,1561598402,86,5.79,0.9,298.016,3.8
Kopervik,64,NO,1561598403,87,59.28,5.31,285.15,3.1
Irtyshskiy,7,RU,1561598403,80,58.33,68.13,280.816,2.13
Nha Trang,20,VN,1561598403,55,12.24,109.19,306.15,2.1
Bogorodskoye,25,RU,1561598403,63,52.37,140.44,284.216,3.92
Maldonado,0,UY,1561598403,75,-34.91,-54.96,281.15,2.1
Port Hedland,73,AU,1561598385,72,-20.31,118.58,293.15,2.1
Rabo de Peixe,20,PT,1561598403,77,37.8,-25.58,290.15,5.1
Torbat-e Jam,0,IR,1561598404,14,35.24,60.63,294.416,3.52
Dongsheng,66,CN,1561598404,70,29.72,112.52,300.016,1.58
Meget,75,RU,1561598404,100,52.42,104.06,285.15,3.0
Jacksonville,75,US,1561598129,48,30.33,-81.66,303.15,4.1
Chaman,0,AF,1561598405,13,30.92,66.46,295.516,2.03
Umm Lajj,0,SA,1561598405,62,25.02,37.27,303.416,5.57
Pechenga,0,RU,1561598405,94,58.89,41.46,278.416,1.44
Bonanza,89,NI,1561598405,96,14.03,-84.62,295.816,1.46
Griffith,0,AU,1561598405,76,-34.29,146.06,285.93,3.1
Nhulunbuy,40,AU,1561598267,69,-12.18,136.78,299.15,5.7
Wanaka,0,NZ,1561598319,90,-44.7,169.14,276.48,1.81
Salinas,40,US,1561598134,63,36.67,-121.66,297.04,4.6
La Rioja,18,AR,1561598406,45,-29.41,-66.86,279.216,0.88
Tel Aviv-Yafo,0,IL,1561598319,78,32.08,34.78,297.15,1.5
Aden,100,YE,1561598406,68,12.79,45.03,304.316,4.37
Aranos,79,NA,1561598406,30,-24.14,19.11,284.116,2.56
Santa Ana,1,US,1561598364,53,33.75,-117.87,298.71,4.1
Creel,81,MX,1561598407,24,27.75,-107.63,299.616,2.28
Plouzane,90,FR,1561598407,93,48.38,-4.62,291.15,6.7
Salinopolis,91,BR,1561598407,78,-0.61,-47.36,301.216,7.95
Pevek,0,RU,1561598081,86,69.7,170.27,274.216,7.05
Naron,0,ES,1561598407,93,43.52,-8.15,290.93,0.5
Ratnagiri,48,IN,1561598407,80,16.98,73.3,301.816,7.32
Toucheng,40,TW,1561598408,74,24.86,121.82,305.93,2.1
Walvis Bay,53,NA,1561598317,82,-22.95,14.51,288.15,6.2
Pastavy,82,BY,1561598408,93,55.11,26.84,292.216,2.3
Omsukchan,75,RU,1561598408,39,62.53,155.8,289.416,5.42
Yukhnov,100,RU,1561598408,99,54.74,35.23,288.116,1.48
Zhigansk,0,RU,1561598343,50,66.77,123.37,295.916,3.9
Anderson,1,US,1561598409,74,34.51,-82.65,300.37,0.89
Port Hardy,40,CA,1561598278,59,50.7,-127.42,292.15,4.1
Gigmoto,90,PH,1561598310,73,13.78,124.39,302.216,3.97
Gombong,51,ID,1561598409,78,-7.19,109.31,296.816,4.06
Zelenoborskiy,99,RU,1561598409,82,66.84,32.36,283.716,1.42
Henties Bay,53,NA,1561598409,90,-22.12,14.28,286.48,2.68
Jackson,1,US,1561598410,26,43.48,-110.76,296.15,7.2
Hamilton,20,CA,1561598082,50,43.26,-79.87,299.26,3.6
Libreville,20,GA,1561598410,83,0.39,9.45,298.15,2.6
Beian,75,NO,1561598410,87,63.66,9.57,284.82,8.2
Hovd,75,NO,1561598410,76,63.83,10.7,285.15,7.7
San Jose,82,PH,1561598412,78,15.79,120.99,300.816,2.57
Hirara,75,JP,1561598296,83,24.8,125.28,301.15,6.7
Torres,50,BR,1561598278,80,-29.34,-49.73,279.916,1.01
Sorong,100,ID,1561598412,82,-0.86,131.25,299.916,4.75
Kampong Thum,54,KH,1561598412,85,12.71,104.89,300.316,1.19
Abu Samrah,0,SY,1561598412,47,35.3,37.18,298.016,4.08
